<?xml version="1.0" encoding="UTF-8"?>
<panorama id="">
  <view fovmode="0" pannorth="0">
    <start pan="0" fov="60" tilt="0"/>
    <min pan="0" fov="40" tilt="-80"/>
    <max pan="360" fov="80" tilt="80"/>
  </view>
  <userdata title="" datetime="" description="" copyright="" tags="" author="" source="" comment="" info="" longitude="" latitude=""/>
  <hotspots width="180" height="20" wordwrap="1">
    <label width="180" backgroundalpha="1" enabled="1" height="20" backgroundcolor="0xffffff" bordercolor="0x000000" border="1" textcolor="0x000000" background="1" borderalpha="1" borderradius="1" wordwrap="1" textalpha="1"/>
    <polystyle mode="0" backgroundalpha="0.2509803921568627" backgroundcolor="0x0000ff" bordercolor="0x0000ff" borderalpha="1"/>
  </hotspots>
  <media/>
  <input tile0url="images/0000_o_0.jpg" prev5url="images/0000_o_preview_5.jpg" prev4url="images/0000_o_preview_4.jpg" prev3url="images/0000_o_preview_3.jpg" prev2url="images/0000_o_preview_2.jpg" prev1url="images/0000_o_preview_1.jpg" prev0url="images/0000_o_preview_0.jpg" tile5url="images/0000_o_5.jpg" tilesize="623" tile4url="images/0000_o_4.jpg" tile3url="images/0000_o_3.jpg" tilescale="1.016051364365971" tile2url="images/0000_o_2.jpg" tile1url="images/0000_o_1.jpg"/>
  <autorotate speed="0.050" nodedelay="0.00" startloaded="0" returntohorizon="0.000" delay="0.50"/>
  <control simulatemass="1" lockedmouse="0" lockedkeyboard="0" dblclickfullscreen="0" invertwheel="0" lockedwheel="0" invertcontrol="1" speedwheel="1" sensitivity="2"/>
</panorama>
